order_id,date,product,channel,quantity,customer_id,unit_price,revenue
831,2025-02-18,Enterprise,Online,4,62624,199,796
230,2025-02-18,Basic,In-Store,2,18099,19,38
14,2025-02-18,Plus,In-Store,4,27725,39,156
353,2025-02-18,Pro,In-Store,2,89924,79,158
76,2025-02-18,Pro,Online,2,84833,79,158
141,2025-02-19,Plus,In-Store,4,45627,39,156
66,2025-02-20,Basic,In-Store,2,89384,19,38
1117,2025-02-20,Plus,In-Store,1,41120,39,39
242,2025-02-20,Plus,Online,3,38164,39,117
143,2025-02-20,Pro,Online,3,27110,79,237
1124,2025-02-20,Basic,Online,4,35306,19,76
419,2025-02-20,Plus,In-Store,3,23319,39,117
850,2025-02-20,Plus,In-Store,1,60019,39,39
885,2025-02-20,Basic,Phone,4,57641,19,76
627,2025-02-21,Enterprise,In-Store,1,92770,199,199
376,2025-02-21,Pro,In-Store,4,91724,79,316
1194,2025-02-21,Basic,In-Store,3,85821,19,57
545,2025-02-21,Basic,Online,3,52144,19,57
394,2025-02-21,Enterprise,Online,2,28180,199,398
1129,2025-02-22,Plus,In-Store,3,54728,39,117
1153,2025-02-22,Pro,Online,2,79669,79,158
194,2025-02-22,Plus,Online,2,99350,39,78
472,2025-02-22,Pro,In-Store,3,86280,79,237
1116,2025-02-22,Plus,In-Store,2,86882,39,78
706,2025-02-23,Basic,Online,1,94803,19,19
631,2025-02-23,Plus,In-Store,2,58305,39,78
680,2025-02-23,Basic,Online,3,19090,19,57
374,2025-02-23,Plus,In-Store,1,72506,39,39
198,2025-02-23,Plus,Online,1,20511,39,39
639,2025-02-23,Plus,Online,3,82488,39,117
1170,2025-02-23,Pro,In-Store,3,28084,79,237
50,2025-02-24,Enterprise,Online,4,82286,199,796
869,2025-02-24,Plus,Online,4,75002,39,156
182,2025-02-24,Plus,Online,4,89021,39,156
905,2025-02-24,Basic,Online,2,26484,19,38
618,2025-02-24,Pro,In-Store,4,52946,79,316
942,2025-02-24,Basic,In-Store,2,91658,19,38
412,2025-02-25,Basic,Online,1,29245,19,19
386,2025-02-25,Plus,In-Store,4,27605,39,156
48,2025-02-25,Plus,Online,1,22445,39,39
762,2025-02-25,Basic,In-Store,4,61864,19,76
91,2025-02-25,Basic,Online,4,23078,19,76
872,2025-02-25,Pro,In-Store,3,22389,79,237
841,2025-02-25,Basic,In-Store,1,16798,19,19
1075,2025-02-26,Enterprise,Online,1,72365,199,199
167,2025-02-26,Basic,In-Store,2,98025,19,38
1152,2025-02-26,Enterprise,In-Store,4,28138,199,796
1163,2025-02-26,Basic,In-Store,1,18839,19,19
372,2025-02-26,Pro,Phone,2,71392,79,158
133,2025-02-27,Enterprise,In-Store,4,90468,199,796
1091,2025-02-27,Basic,In-Store,3,74985,19,57
585,2025-02-27,Pro,Online,4,86566,79,316
455,2025-02-27,Pro,In-Store,1,66471,79,79
857,2025-02-27,Enterprise,In-Store,1,46435,199,199
193,2025-02-27,Pro,Online,4,52089,79,316
9,2025-02-27,Enterprise,Online,2,68018,199,398
420,2025-02-27,Basic,Online,4,26111,19,76
320,2025-02-27,Pro,In-Store,2,99818,79,158
1026,2025-02-28,Basic,In-Store,1,51182,19,19
690,2025-02-28,Plus,In-Store,3,68999,39,117
175,2025-02-28,Basic,Online,2,22417,19,38
106,2025-02-28,Basic,In-Store,3,21748,19,57
213,2025-02-28,Enterprise,Online,2,74392,199,398
927,2025-03-01,Plus,Online,4,96620,39,156
768,2025-03-01,Plus,Online,3,26910,39,117
699,2025-03-01,Plus,Online,3,14905,39,117
846,2025-03-01,Enterprise,In-Store,3,79259,199,597
1034,2025-03-01,Pro,Phone,4,81919,79,316
350,2025-03-01,Pro,Online,4,55404,79,316
566,2025-03-01,Pro,In-Store,4,23492,79,316
923,2025-03-02,Pro,Online,4,88172,79,316
294,2025-03-02,Basic,Online,2,72792,19,38
676,2025-03-02,Plus,In-Store,2,88000,39,78
1064,2025-03-02,Plus,In-Store,3,59166,39,117
877,2025-03-02,Plus,Online,3,34784,39,117
1099,2025-03-02,Basic,In-Store,3,18509,19,57
557,2025-03-02,Plus,In-Store,2,86009,39,78
999,2025-03-03,Basic,In-Store,4,52199,19,76
1097,2025-03-03,Plus,Online,1,65812,39,39
880,2025-03-03,Pro,In-Store,4,89045,79,316
1055,2025-03-03,Plus,Online,4,54827,39,156
522,2025-03-03,Basic,In-Store,1,42488,19,19
992,2025-03-03,Pro,In-Store,3,16143,79,237
793,2025-03-04,Plus,In-Store,4,16877,39,156
514,2025-03-04,Plus,In-Store,3,12455,39,117
532,2025-03-04,Basic,Phone,4,34652,19,76
207,2025-03-04,Enterprise,Online,1,23302,199,199
935,2025-03-05,Basic,In-Store,1,90361,19,19
393,2025-03-05,Plus,In-Store,2,26001,39,78
597,2025-03-05,Basic,In-Store,3,65465,19,57
463,2025-03-05,Enterprise,In-Store,4,62118,199,796
249,2025-03-05,Pro,Online,4,55508,79,316
864,2025-03-05,Basic,Online,4,59595,19,76
269,2025-03-06,Basic,Online,3,61271,19,57
94,2025-03-06,Basic,Online,2,99927,19,38
810,2025-03-06,Pro,In-Store,3,39688,79,237
147,2025-03-06,Pro,In-Store,2,12214,79,158
347,2025-03-06,Plus,Online,4,11552,39,156
654,2025-03-06,Basic,Online,4,40893,19,76
554,2025-03-07,Enterprise,In-Store,1,13313,199,199
67,2025-03-07,Pro,Online,2,99556,79,158
452,2025-03-07,Plus,Online,4,55357,39,156
136,2025-03-07,Plus,Online,3,40786,39,117
293,2025-03-07,Basic,Online,1,64114,19,19
775,2025-03-08,Pro,Phone,4,54664,79,316
913,2025-03-08,Enterprise,Online,2,30851,199,398
817,2025-03-08,Basic,In-Store,2,95602,19,38
1161,2025-03-08,Basic,In-Store,4,28776,19,76
623,2025-03-08,Plus,In-Store,2,32593,39,78
490,2025-03-08,Plus,In-Store,1,23033,39,39
257,2025-03-09,Plus,In-Store,1,92250,39,39
897,2025-03-09,Basic,In-Store,4,56186,19,76
681,2025-03-09,Basic,Online,3,59435,19,57
105,2025-03-09,Plus,Online,3,76383,39,117
203,2025-03-09,Pro,Online,1,77711,79,79
389,2025-03-09,Basic,Online,3,62152,19,57
657,2025-03-09,Plus,Online,1,60662,39,39
744,2025-03-10,Plus,In-Store,3,17792,39,117
360,2025-03-10,Basic,Online,2,41194,19,38
426,2025-03-10,Basic,Online,4,88171,19,76
47,2025-03-10,Plus,Online,4,25202,39,156
328,2025-03-10,Plus,Online,4,32691,39,156
959,2025-03-10,Basic,Online,1,41404,19,19
1166,2025-03-10,Pro,In-Store,4,14199,79,316
391,2025-03-10,Plus,Online,1,89294,39,39
875,2025-03-11,Plus,In-Store,2,44425,39,78
19,2025-03-11,Pro,Online,4,33485,79,316
658,2025-03-11,Plus,Online,3,10333,39,117
710,2025-03-12,Plus,Phone,1,44796,39,39
339,2025-03-12,Basic,Online,3,56709,19,57
704,2025-03-12,Plus,In-Store,4,67170,39,156
582,2025-03-12,Basic,Online,1,33305,19,19
200,2025-03-12,Plus,In-Store,4,36047,39,156
429,2025-03-12,Pro,Online,1,73316,79,79
652,2025-03-12,Basic,Online,1,41832,19,19
845,2025-03-13,Basic,In-Store,2,78254,19,38
643,2025-03-13,Plus,Online,4,57325,39,156
438,2025-03-13,Basic,Online,1,53257,19,19
150,2025-03-13,Basic,Online,2,36275,19,38
17,2025-03-13,Basic,In-Store,4,29375,19,76
991,2025-03-13,Basic,In-Store,3,43697,19,57
530,2025-03-13,Basic,Online,1,26369,19,19
589,2025-03-13,Plus,Online,2,31619,39,78
1125,2025-03-13,Basic,Online,3,51207,19,57
526,2025-03-13,Pro,Online,2,33242,79,158
528,2025-03-13,Basic,In-Store,4,16742,19,76
1108,2025-03-14,Basic,Online,2,11427,19,38
469,2025-03-14,Plus,Online,3,96023,39,117
638,2025-03-14,Plus,Online,2,22399,39,78
267,2025-03-14,Basic,Online,2,25283,19,38
236,2025-03-14,Basic,Online,2,21455,19,38
742,2025-03-14,Plus,Online,3,82804,39,117
1106,2025-03-14,Pro,Online,2,92676,79,158
309,2025-03-14,Basic,Online,2,77312,19,38
1074,2025-03-14,Pro,In-Store,1,73322,79,79
494,2025-03-14,Enterprise,Phone,3,28915,199,597
1165,2025-03-15,Basic,Online,3,65398,19,57
51,2025-03-15,Pro,In-Store,3,58750,79,237
1035,2025-03-15,Pro,Phone,4,25076,79,316
1100,2025-03-15,Pro,In-Store,3,44452,79,237
160,2025-03-16,Plus,Online,1,83129,39,39
1137,2025-03-16,Basic,In-Store,1,27198,19,19
675,2025-03-16,Pro,Online,1,14618,79,79
613,2025-03-16,Pro,Online,4,86532,79,316
644,2025-03-16,Basic,Online,3,11399,19,57
679,2025-03-17,Plus,Online,1,65114,39,39
226,2025-03-17,Pro,In-Store,1,67561,79,79
901,2025-03-17,Plus,Online,4,45330,39,156
425,2025-03-17,Pro,Phone,2,53769,79,158
80,2025-03-17,Pro,In-Store,1,23704,79,79
112,2025-03-17,Basic,In-Store,1,33161,19,19
806,2025-03-17,Pro,Online,4,58608,79,316
128,2025-03-17,Pro,In-Store,1,27803,79,79
1073,2025-03-18,Basic,In-Store,3,75379,19,57
1007,2025-03-18,Basic,Phone,3,14885,19,57
275,2025-03-18,Plus,In-Store,4,14212,39,156
44,2025-03-18,Pro,In-Store,2,59763,79,158
1144,2025-03-18,Enterprise,In-Store,3,82899,199,597
929,2025-03-18,Plus,In-Store,3,19505,39,117
483,2025-03-19,Enterprise,Online,4,49554,199,796
796,2025-03-19,Basic,In-Store,1,28004,19,19
1120,2025-03-19,Basic,Online,1,43350,19,19
719,2025-03-19,Pro,In-Store,3,62545,79,237
1127,2025-03-19,Basic,Online,1,31006,19,19
297,2025-03-19,Plus,In-Store,4,81822,39,156
1128,2025-03-19,Basic,In-Store,1,35309,19,19
390,2025-03-19,Basic,Online,2,48151,19,38
470,2025-03-19,Pro,Online,1,80665,79,79
477,2025-03-19,Basic,In-Store,3,44698,19,57
1053,2025-03-19,Basic,Online,2,18801,19,38
521,2025-03-19,Pro,In-Store,2,73508,79,158
917,2025-03-20,Plus,Online,2,40001,39,78
319,2025-03-20,Basic,Online,2,61027,19,38
792,2025-03-20,Basic,In-Store,3,23726,19,57
811,2025-03-20,Pro,Online,3,22504,79,237
711,2025-03-20,Basic,Online,1,11078,19,19
373,2025-03-20,Enterprise,Online,3,54567,199,597
660,2025-03-21,Enterprise,In-Store,2,48590,199,398
1110,2025-03-21,Plus,In-Store,4,38852,39,156
712,2025-03-21,Plus,Online,4,41663,39,156
333,2025-03-21,Enterprise,In-Store,1,77080,199,199
547,2025-03-22,Pro,Online,4,56807,79,316
659,2025-03-22,Pro,Online,2,87178,79,158
737,2025-03-22,Plus,Online,1,87468,39,39
168,2025-03-22,Plus,In-Store,3,19379,39,117
740,2025-03-22,Plus,In-Store,3,90614,39,117
258,2025-03-22,Enterprise,Online,4,48772,199,796
1027,2025-03-22,Plus,In-Store,3,16025,39,117
584,2025-03-23,Plus,In-Store,4,33368,39,156
382,2025-03-23,Plus,Online,3,15375,39,117
348,2025-03-23,Pro,In-Store,4,38384,79,316
718,2025-03-23,Basic,Online,2,98469,19,38
604,2025-03-23,Pro,Online,3,82743,79,237
1134,2025-03-23,Plus,Online,1,37352,39,39
1118,2025-03-23,Plus,Online,4,53238,39,156
960,2025-03-23,Basic,Online,4,50264,19,76
544,2025-03-23,Basic,In-Store,4,54786,19,76
85,2025-03-23,Basic,In-Store,1,48436,19,19
162,2025-03-24,Plus,In-Store,2,68395,39,78
68,2025-03-24,Enterprise,Online,1,78116,199,199
495,2025-03-24,Basic,Online,2,19652,19,38
253,2025-03-24,Basic,In-Store,4,44582,19,76
572,2025-03-24,Pro,Online,2,69347,79,158
668,2025-03-24,Basic,In-Store,4,40137,19,76
408,2025-03-24,Basic,In-Store,2,54499,19,38
1049,2025-03-24,Basic,Phone,1,26552,19,19
890,2025-03-25,Plus,Online,3,92558,39,117
603,2025-03-25,Basic,Online,3,20073,19,57
1000,2025-03-25,Pro,Online,1,88774,79,79
1072,2025-03-25,Plus,Online,4,66223,39,156
886,2025-03-25,Basic,Online,4,22684,19,76
523,2025-03-25,Pro,In-Store,3,72110,79,237
444,2025-03-25,Plus,Online,1,73205,39,39
254,2025-03-25,Basic,In-Store,4,13779,19,76
1185,2025-03-25,Pro,In-Store,2,14216,79,158
72,2025-03-26,Basic,Online,1,26048,19,19
318,2025-03-26,Enterprise,Online,2,24297,199,398
273,2025-03-26,Basic,In-Store,2,54974,19,38
1018,2025-03-26,Plus,Online,4,91513,39,156
1054,2025-03-26,Enterprise,In-Store,2,79694,199,398
611,2025-03-27,Pro,In-Store,2,17146,79,158
754,2025-03-27,Plus,Online,2,95083,39,78
509,2025-03-27,Pro,In-Store,2,94120,79,158
840,2025-03-27,Basic,Online,1,42552,19,19
179,2025-03-28,Enterprise,Online,4,44086,199,796
577,2025-03-28,Basic,In-Store,1,70017,19,19
476,2025-03-28,Pro,Online,2,42461,79,158
405,2025-03-28,Basic,In-Store,2,51577,19,38
140,2025-03-28,Basic,Online,4,66413,19,76
1160,2025-03-28,Basic,In-Store,1,30222,19,19
1147,2025-03-28,Basic,In-Store,3,10540,19,57
506,2025-03-28,Pro,Online,4,58496,79,316
322,2025-03-28,Basic,In-Store,4,11272,19,76
42,2025-03-28,Pro,Online,1,98177,79,79
271,2025-03-29,Basic,Online,2,21813,19,38
1093,2025-03-29,Basic,In-Store,1,66655,19,19
827,2025-03-29,Basic,Online,3,94731,19,57
884,2025-03-29,Basic,Online,2,49858,19,38
1115,2025-03-29,Plus,In-Store,2,90977,39,78
672,2025-03-29,Enterprise,In-Store,3,98539,199,597
995,2025-03-30,Pro,In-Store,3,46079,79,237
993,2025-03-30,Basic,Online,3,15828,19,57
829,2025-03-30,Basic,In-Store,2,52195,19,38
702,2025-03-30,Pro,Online,4,28428,79,316
252,2025-03-30,Basic,Online,4,71444,19,76
8,2025-03-30,Plus,In-Store,4,85773,39,156
111,2025-03-30,Pro,Online,2,80887,79,158
567,2025-03-31,Basic,In-Store,3,69608,19,57
1103,2025-03-31,Basic,Online,1,88511,19,19
1061,2025-03-31,Basic,In-Store,3,69858,19,57
750,2025-03-31,Plus,In-Store,2,78905,39,78
251,2025-03-31,Enterprise,Online,3,69944,199,597
413,2025-04-01,Basic,Phone,4,35850,19,76
833,2025-04-01,Pro,In-Store,2,15381,79,158
770,2025-04-01,Basic,In-Store,2,35497,19,38
407,2025-04-01,Basic,In-Store,2,71124,19,38
343,2025-04-01,Enterprise,Online,3,54145,199,597
749,2025-04-02,Basic,In-Store,4,60872,19,76
385,2025-04-02,Pro,Online,2,24751,79,158
132,2025-04-02,Plus,In-Store,2,57385,39,78
180,2025-04-02,Basic,Phone,4,97647,19,76
508,2025-04-03,Basic,In-Store,2,94876,19,38
95,2025-04-03,Basic,In-Store,4,38005,19,76
295,2025-04-03,Basic,In-Store,2,87706,19,38
1033,2025-04-03,Plus,Online,2,97180,39,78
698,2025-04-03,Pro,In-Store,4,38076,79,316
1038,2025-04-03,Pro,Online,2,36623,79,158
975,2025-04-03,Basic,In-Store,4,70821,19,76
687,2025-04-03,Basic,Online,1,98749,19,19
965,2025-04-03,Pro,In-Store,4,85993,79,316
380,2025-04-03,Pro,Online,1,98481,79,79
64,2025-04-03,Basic,In-Store,3,80838,19,57
165,2025-04-03,Basic,In-Store,2,76758,19,38
302,2025-04-04,Plus,Online,2,53033,39,78
26,2025-04-04,Basic,Phone,1,99143,19,19
484,2025-04-04,Plus,In-Store,3,70078,39,117
955,2025-04-04,Plus,In-Store,4,48578,39,156
741,2025-04-04,Basic,Online,1,67017,19,19
633,2025-04-04,Basic,In-Store,2,82353,19,38
378,2025-04-04,Pro,Online,2,69980,79,158
695,2025-04-04,Basic,Online,1,53567,19,19
377,2025-04-05,Basic,In-Store,2,34321,19,38
651,2025-04-05,Pro,In-Store,2,65333,79,158
1197,2025-04-05,Basic,Online,2,64409,19,38
723,2025-04-05,Basic,Online,3,60786,19,57
1046,2025-04-05,Plus,Online,4,25773,39,156
1062,2025-04-05,Plus,Online,1,14562,39,39
677,2025-04-05,Plus,Online,1,97176,39,39
1094,2025-04-05,Enterprise,In-Store,2,71507,199,398
1193,2025-04-06,Enterprise,Online,4,92309,199,796
61,2025-04-06,Basic,In-Store,3,84140,19,57
722,2025-04-06,Plus,Online,3,75439,39,117
449,2025-04-06,Pro,Online,2,50858,79,158
574,2025-04-06,Enterprise,Online,3,73341,199,597
984,2025-04-07,Basic,In-Store,1,62768,19,19
1043,2025-04-07,Basic,Online,4,32113,19,76
1130,2025-04-07,Plus,In-Store,4,14063,39,156
268,2025-04-07,Plus,Online,1,92145,39,39
536,2025-04-07,Basic,Online,2,27858,19,38
82,2025-04-07,Plus,In-Store,2,20230,39,78
1167,2025-04-08,Plus,Online,1,34530,39,39
24,2025-04-09,Basic,Online,3,39400,19,57
1083,2025-04-09,Plus,In-Store,3,73367,39,117
726,2025-04-09,Enterprise,Online,4,34358,199,796
1112,2025-04-09,Plus,In-Store,2,61551,39,78
215,2025-04-09,Plus,In-Store,4,49839,39,156
1003,2025-04-09,Basic,Online,2,14307,19,38
818,2025-04-09,Basic,Online,4,72334,19,76
573,2025-04-09,Basic,In-Store,3,54608,19,57
159,2025-04-09,Basic,Online,4,16481,19,76
809,2025-04-09,Pro,In-Store,3,30827,79,237
979,2025-04-09,Enterprise,Online,2,66603,199,398
11,2025-04-10,Pro,In-Store,1,15784,79,79
947,2025-04-10,Plus,Phone,1,97912,39,39
887,2025-04-10,Enterprise,In-Store,3,18650,199,597
915,2025-04-11,Basic,In-Store,4,74255,19,76
1047,2025-04-11,Plus,Online,4,51529,39,156
962,2025-04-11,Basic,In-Store,2,14324,19,38
807,2025-04-11,Plus,Online,3,27173,39,117
964,2025-04-11,Pro,Online,2,72988,79,158
693,2025-04-11,Plus,In-Store,1,35322,39,39
1058,2025-04-11,Plus,In-Store,1,59130,39,39
505,2025-04-12,Basic,In-Store,2,58984,19,38
371,2025-04-12,Basic,In-Store,4,84546,19,76
323,2025-04-12,Plus,Online,1,87656,39,39
313,2025-04-12,Pro,Online,4,45505,79,316
783,2025-04-12,Plus,Online,4,76673,39,156
520,2025-04-12,Plus,In-Store,2,69320,39,78
22,2025-04-13,Basic,In-Store,3,66101,19,57
10,2025-04-13,Basic,Online,4,88964,19,76
427,2025-04-13,Pro,In-Store,1,50050,79,79
790,2025-04-13,Plus,Online,3,70645,39,117
437,2025-04-13,Basic,In-Store,2,66128,19,38
144,2025-04-13,Basic,In-Store,4,35502,19,76
1017,2025-04-13,Pro,In-Store,3,29233,79,237
431,2025-04-13,Plus,In-Store,2,61327,39,78
538,2025-04-14,Plus,Online,4,58975,39,156
987,2025-04-14,Pro,In-Store,4,22673,79,316
229,2025-04-14,Basic,In-Store,4,92411,19,76
551,2025-04-14,Plus,Online,2,15532,39,78
396,2025-04-14,Pro,In-Store,4,62131,79,316
387,2025-04-14,Plus,Online,2,41978,39,78
261,2025-04-14,Plus,In-Store,1,42995,39,39
501,2025-04-14,Pro,Phone,4,65061,79,316
1060,2025-04-14,Basic,In-Store,2,81077,19,38
338,2025-04-14,Plus,In-Store,4,95525,39,156
307,2025-04-14,Basic,Online,3,36074,19,57
601,2025-04-15,Basic,In-Store,2,60824,19,38
1168,2025-04-15,Plus,In-Store,4,47943,39,156
465,2025-04-15,Plus,Online,4,77639,39,156
764,2025-04-15,Enterprise,In-Store,4,92064,199,796
1020,2025-04-15,Pro,Phone,1,12580,79,79
996,2025-04-15,Pro,In-Store,1,43708,79,79
682,2025-04-15,Basic,In-Store,4,11322,19,76
684,2025-04-15,Basic,Online,1,89561,19,19
432,2025-04-15,Pro,In-Store,1,39503,79,79
1076,2025-04-16,Basic,Online,2,90841,19,38
190,2025-04-16,Basic,Online,3,17430,19,57
971,2025-04-16,Plus,Online,3,85239,39,117
985,2025-04-16,Plus,Online,4,97078,39,156
424,2025-04-16,Plus,Online,2,20064,39,78
883,2025-04-17,Basic,Online,3,71009,19,57
462,2025-04-17,Basic,In-Store,1,84358,19,19
110,2025-04-17,Plus,Online,2,21997,39,78
609,2025-04-17,Plus,Online,2,90963,39,78
1151,2025-04-18,Pro,Online,4,22141,79,316
802,2025-04-18,Basic,In-Store,4,83344,19,76
510,2025-04-18,Plus,Online,1,14157,39,39
1169,2025-04-18,Pro,Online,1,64405,79,79
314,2025-04-18,Plus,Online,2,79746,39,78
791,2025-04-18,Pro,In-Store,4,85089,79,316
836,2025-04-19,Pro,In-Store,2,31621,79,158
1190,2025-04-19,Enterprise,In-Store,2,16301,199,398
928,2025-04-19,Pro,In-Store,4,36210,79,316
765,2025-04-19,Plus,In-Store,4,16997,39,156
983,2025-04-19,Plus,Online,2,40824,39,78
422,2025-04-19,Basic,In-Store,4,52588,19,76
563,2025-04-19,Enterprise,In-Store,2,45739,199,398
645,2025-04-19,Plus,Online,2,50248,39,78
619,2025-04-20,Plus,Online,4,86428,39,156
615,2025-04-20,Enterprise,Online,3,69044,199,597
212,2025-04-20,Plus,Online,3,63032,39,117
23,2025-04-20,Enterprise,Online,2,86456,199,398
266,2025-04-20,Basic,Online,3,18922,19,57
789,2025-04-20,Plus,Online,1,98953,39,39
39,2025-04-20,Plus,In-Store,2,63695,39,78
743,2025-04-20,Plus,Online,1,22689,39,39
1092,2025-04-20,Basic,Online,2,20721,19,38
961,2025-04-20,Pro,In-Store,3,79668,79,237
1057,2025-04-21,Plus,In-Store,3,35991,39,117
260,2025-04-21,Basic,In-Store,1,93071,19,19
515,2025-04-21,Pro,Online,3,82023,79,237
471,2025-04-21,Plus,Phone,1,67401,39,39
970,2025-04-22,Basic,Online,4,29079,19,76
218,2025-04-22,Plus,Online,3,95588,39,117
1157,2025-04-23,Plus,Phone,2,91480,39,78
131,2025-04-23,Basic,Online,2,43355,19,38
1109,2025-04-23,Basic,Online,3,75326,19,57
1039,2025-04-24,Basic,In-Store,1,37377,19,19
102,2025-04-24,Pro,Online,4,37064,79,316
461,2025-04-24,Pro,Online,4,31528,79,316
635,2025-04-24,Basic,Online,1,56580,19,19
256,2025-04-24,Basic,Online,3,99774,19,57
502,2025-04-25,Plus,In-Store,4,23186,39,156
974,2025-04-25,Pro,Online,3,22350,79,237
907,2025-04-25,Pro,In-Store,2,75529,79,158
196,2025-04-25,Plus,In-Store,1,31510,39,39
74,2025-04-25,Pro,In-Store,2,72688,79,158
564,2025-04-25,Basic,Phone,2,58564,19,38
550,2025-04-26,Plus,Online,4,86806,39,156
500,2025-04-26,Basic,In-Store,2,96642,19,38
1014,2025-04-26,Plus,In-Store,4,32714,39,156
169,2025-04-26,Pro,In-Store,3,71456,79,237
289,2025-04-26,Plus,Online,2,72677,39,78
933,2025-04-26,Plus,Online,4,15613,39,156
337,2025-04-26,Enterprise,In-Store,1,74437,199,199
1042,2025-04-26,Plus,Online,4,36828,39,156
1177,2025-04-26,Enterprise,In-Store,2,10248,199,398
176,2025-04-26,Basic,In-Store,3,85886,19,57
411,2025-04-26,Enterprise,In-Store,3,87742,199,597
982,2025-04-26,Pro,Online,2,14361,79,158
649,2025-04-26,Basic,Online,3,90692,19,57
1041,2025-04-27,Basic,Online,3,22522,19,57
116,2025-04-27,Basic,Online,3,36906,19,57
1079,2025-04-27,Basic,In-Store,2,93535,19,38
920,2025-04-27,Basic,Online,2,29188,19,38
813,2025-04-27,Pro,Online,4,74253,79,316
932,2025-04-27,Plus,Online,1,71907,39,39
63,2025-04-27,Basic,Online,4,60413,19,76
492,2025-04-27,Plus,Online,1,64669,39,39
739,2025-04-27,Plus,Online,4,43295,39,156
113,2025-04-27,Plus,Online,2,63621,39,78
614,2025-04-27,Pro,Online,2,98850,79,158
957,2025-04-27,Pro,Online,2,19587,79,158
1191,2025-04-27,Basic,Online,2,18473,19,38
630,2025-04-27,Pro,Online,4,14580,79,316
482,2025-04-27,Basic,In-Store,3,31859,19,57
1101,2025-04-28,Basic,In-Store,3,39498,19,57
1069,2025-04-28,Enterprise,Online,1,47968,199,199
447,2025-04-28,Basic,Phone,1,25370,19,19
1183,2025-04-28,Plus,In-Store,3,69483,39,117
636,2025-04-28,Basic,In-Store,1,61926,19,19
624,2025-04-28,Enterprise,In-Store,1,15694,199,199
108,2025-04-28,Plus,Online,4,39778,39,156
797,2025-04-29,Plus,In-Store,3,89016,39,117
119,2025-04-29,Plus,In-Store,3,54524,39,117
700,2025-04-29,Pro,Online,3,38642,79,237
683,2025-04-29,Plus,In-Store,2,79302,39,78
944,2025-04-29,Basic,In-Store,4,94073,19,76
1063,2025-04-30,Pro,In-Store,2,79860,79,158
1089,2025-04-30,Plus,In-Store,1,36792,39,39
1195,2025-04-30,Basic,In-Store,1,27121,19,19
600,2025-04-30,Basic,Online,2,52061,19,38
259,2025-04-30,Enterprise,In-Store,1,93397,199,199
734,2025-04-30,Plus,In-Store,1,27472,39,39
316,2025-04-30,Basic,Online,3,92088,19,57
916,2025-04-30,Plus,In-Store,1,54981,39,39
134,2025-05-01,Basic,Online,1,65692,19,19
591,2025-05-01,Basic,In-Store,1,57264,19,19
115,2025-05-01,Plus,Online,3,44085,39,117
1119,2025-05-01,Basic,In-Store,3,69785,19,57
867,2025-05-01,Basic,Online,4,86766,19,76
1138,2025-05-02,Enterprise,Online,3,72260,199,597
856,2025-05-02,Plus,Online,4,77741,39,156
137,2025-05-02,Plus,Online,2,23878,39,78
912,2025-05-02,Pro,In-Store,4,33052,79,316
178,2025-05-02,Plus,In-Store,1,68976,39,39
830,2025-05-03,Plus,In-Store,1,44968,39,39
290,2025-05-03,Basic,Online,1,52893,19,19
201,2025-05-03,Enterprise,In-Store,1,29613,199,199
345,2025-05-03,Basic,Online,1,28025,19,19
352,2025-05-03,Basic,Online,1,72714,19,19
227,2025-05-03,Basic,In-Store,1,96037,19,19
1002,2025-05-04,Plus,Phone,2,11215,39,78
839,2025-05-04,Plus,In-Store,3,83440,39,117
911,2025-05-04,Basic,In-Store,2,51106,19,38
1140,2025-05-04,Basic,Online,4,74932,19,76
958,2025-05-04,Pro,In-Store,3,83751,79,237
616,2025-05-04,Pro,In-Store,2,61288,79,158
1200,2025-05-04,Basic,Phone,4,47142,19,76
238,2025-05-04,Pro,In-Store,1,36624,79,79
899,2025-05-05,Plus,Online,3,13025,39,117
921,2025-05-05,Basic,Online,1,83017,19,19
1066,2025-05-05,Plus,Online,3,49658,39,117
286,2025-05-05,Basic,Online,3,17525,19,57
705,2025-05-05,Plus,In-Store,1,70483,39,39
296,2025-05-06,Pro,In-Store,4,34884,79,316
621,2025-05-06,Pro,In-Store,2,83911,79,158
966,2025-05-06,Pro,In-Store,1,30039,79,79
206,2025-05-06,Pro,Online,1,48887,79,79
828,2025-05-07,Plus,In-Store,4,76243,39,156
546,2025-05-07,Plus,Online,4,58555,39,156
815,2025-05-07,Plus,In-Store,4,62626,39,156
209,2025-05-07,Plus,In-Store,3,31239,39,117
1096,2025-05-07,Basic,Online,2,72054,19,38
375,2025-05-07,Plus,In-Store,1,62837,39,39
653,2025-05-07,Plus,Online,3,34231,39,117
435,2025-05-07,Basic,In-Store,2,21040,19,38
403,2025-05-07,Plus,In-Store,1,75882,39,39
757,2025-05-08,Basic,In-Store,4,63851,19,76
59,2025-05-08,Basic,Phone,1,67839,19,19
121,2025-05-08,Basic,In-Store,2,28235,19,38
1102,2025-05-08,Pro,Phone,1,51750,79,79
130,2025-05-08,Basic,In-Store,3,41153,19,57
123,2025-05-09,Enterprise,In-Store,2,13999,199,398
685,2025-05-09,Pro,Online,1,11983,79,79
49,2025-05-09,Basic,In-Store,2,19729,19,38
664,2025-05-09,Pro,Online,4,42166,79,316
28,2025-05-09,Basic,Phone,3,26434,19,57
1135,2025-05-09,Plus,In-Store,2,96610,39,78
272,2025-05-09,Basic,In-Store,3,86173,19,57
612,2025-05-09,Basic,In-Store,4,56506,19,76
1032,2025-05-09,Basic,In-Store,1,24502,19,19
972,2025-05-09,Basic,Online,1,36616,19,19
938,2025-05-09,Pro,In-Store,3,11768,79,237
191,2025-05-09,Enterprise,In-Store,1,43836,199,199
453,2025-05-10,Plus,Online,1,14927,39,39
892,2025-05-10,Plus,In-Store,1,62597,39,39
688,2025-05-10,Plus,Online,2,19561,39,78
553,2025-05-10,Plus,In-Store,4,97486,39,156
669,2025-05-10,Plus,Online,2,20716,39,78
874,2025-05-10,Pro,Phone,3,79454,79,237
587,2025-05-10,Basic,In-Store,2,26074,19,38
837,2025-05-10,Plus,In-Store,4,97178,39,156
512,2025-05-11,Plus,In-Store,1,67789,39,39
1012,2025-05-11,Basic,In-Store,3,32240,19,57
335,2025-05-11,Basic,Online,1,51185,19,19
395,2025-05-11,Enterprise,Online,1,24536,199,199
1126,2025-05-11,Plus,Online,2,63067,39,78
486,2025-05-11,Plus,In-Store,1,73887,39,39
1005,2025-05-12,Plus,In-Store,3,46775,39,117
821,2025-05-12,Plus,Phone,3,46093,39,117
342,2025-05-12,Plus,In-Store,4,31382,39,156
467,2025-05-12,Pro,In-Store,2,33917,79,158
772,2025-05-12,Pro,Online,3,32334,79,237
41,2025-05-12,Basic,Online,4,60597,19,76
902,2025-05-12,Pro,Online,3,27907,79,237
922,2025-05-12,Basic,Phone,1,20259,19,19
54,2025-05-12,Basic,In-Store,2,61281,19,38
186,2025-05-13,Basic,In-Store,2,55283,19,38
1141,2025-05-13,Plus,In-Store,1,29962,39,39
20,2025-05-13,Plus,In-Store,4,65831,39,156
415,2025-05-13,Basic,In-Store,1,26904,19,19
854,2025-05-13,Basic,Online,4,64937,19,76
321,2025-05-13,Plus,In-Store,4,71023,39,156
1048,2025-05-14,Plus,Online,2,57484,39,78
678,2025-05-14,Plus,In-Store,1,65327,39,39
1008,2025-05-14,Plus,In-Store,4,47530,39,156
1122,2025-05-14,Basic,Online,4,15653,19,76
189,2025-05-14,Basic,In-Store,2,47681,19,38
855,2025-05-14,Basic,In-Store,1,30194,19,19
617,2025-05-14,Pro,In-Store,4,88826,79,316
93,2025-05-14,Plus,Online,2,26391,39,78
153,2025-05-15,Plus,Online,3,35944,39,117
332,2025-05-15,Basic,In-Store,2,64379,19,38
731,2025-05-15,Plus,Online,4,75762,39,156
29,2025-05-15,Plus,In-Store,4,14987,39,156
716,2025-05-16,Plus,In-Store,3,63533,39,117
245,2025-05-16,Basic,In-Store,2,38822,19,38
541,2025-05-16,Plus,In-Store,1,60066,39,39
1080,2025-05-16,Plus,Online,2,99904,39,78
1031,2025-05-17,Plus,In-Store,4,31695,39,156
473,2025-05-17,Plus,Online,3,87138,39,117
1098,2025-05-17,Plus,Online,2,65085,39,78
75,2025-05-17,Plus,Online,4,43306,39,156
949,2025-05-17,Basic,In-Store,1,96064,19,19
988,2025-05-17,Basic,Online,1,19802,19,19
998,2025-05-18,Plus,In-Store,4,35787,39,156
443,2025-05-18,Basic,Online,3,86865,19,57
62,2025-05-18,Basic,Online,2,62048,19,38
1105,2025-05-18,Basic,In-Store,3,40318,19,57
15,2025-05-18,Basic,In-Store,4,74865,19,76
145,2025-05-18,Pro,Online,1,62275,79,79
758,2025-05-18,Plus,In-Store,4,19061,39,156
527,2025-05-19,Pro,In-Store,4,93968,79,316
30,2025-05-19,Basic,Online,1,60335,19,19
708,2025-05-19,Pro,In-Store,3,17621,79,237
926,2025-05-19,Basic,Online,2,54805,19,38
969,2025-05-20,Plus,Online,4,56190,39,156
1025,2025-05-20,Pro,Online,2,88146,79,158
756,2025-05-20,Pro,Online,4,75441,79,316
98,2025-05-20,Plus,In-Store,3,17376,39,117
33,2025-05-20,Basic,In-Store,4,54637,19,76
1133,2025-05-20,Pro,Online,2,22764,79,158
86,2025-05-20,Basic,Online,2,84438,19,38
52,2025-05-21,Basic,Online,2,86365,19,38
808,2025-05-21,Basic,Phone,2,62702,19,38
1192,2025-05-21,Plus,Online,2,11860,39,78
276,2025-05-21,Basic,In-Store,1,17902,19,19
769,2025-05-21,Plus,Online,1,20637,39,39
60,2025-05-21,Basic,Phone,2,98208,19,38
703,2025-05-21,Basic,Online,3,79672,19,57
889,2025-05-21,Pro,In-Store,1,99059,79,79
248,2025-05-21,Basic,In-Store,3,40189,19,57
728,2025-05-21,Basic,In-Store,2,92707,19,38
278,2025-05-22,Basic,Online,1,42552,19,19
220,2025-05-22,Plus,Online,2,41238,39,78
298,2025-05-22,Plus,Online,3,74121,39,117
1021,2025-05-22,Pro,In-Store,2,62542,79,158
568,2025-05-22,Pro,In-Store,4,86996,79,316
499,2025-05-23,Enterprise,Online,4,62192,199,796
208,2025-05-23,Basic,Online,4,85005,19,76
860,2025-05-23,Pro,Online,2,36928,79,158
1050,2025-05-23,Pro,Online,4,58422,79,316
724,2025-05-23,Plus,In-Store,4,91051,39,156
368,2025-05-23,Plus,Online,1,95790,39,39
149,2025-05-24,Pro,In-Store,4,57876,79,316
1019,2025-05-24,Plus,Online,3,56179,39,117
221,2025-05-24,Basic,Online,2,72217,19,38
843,2025-05-24,Enterprise,In-Store,3,59664,199,597
661,2025-05-25,Pro,Online,4,77801,79,316
81,2025-05-25,Basic,In-Store,1,83421,19,19
576,2025-05-25,Basic,In-Store,1,34766,19,19
859,2025-05-25,Enterprise,Online,1,87228,199,199
400,2025-05-25,Basic,In-Store,2,78708,19,38
559,2025-05-25,Pro,In-Store,4,88560,79,316
732,2025-05-25,Plus,Online,1,68107,39,39
504,2025-05-26,Pro,In-Store,3,16632,79,237
96,2025-05-26,Plus,Online,4,42523,39,156
299,2025-05-26,Plus,Online,3,68779,39,117
745,2025-05-26,Basic,In-Store,3,54740,19,57
997,2025-05-26,Plus,Online,3,54343,39,117
622,2025-05-26,Basic,Online,4,14908,19,76
759,2025-05-27,Plus,Phone,1,41224,39,39
1016,2025-05-27,Basic,Online,1,14769,19,19
626,2025-05-27,Plus,In-Store,2,81043,39,78
188,2025-05-27,Basic,In-Store,1,79084,19,19
125,2025-05-27,Basic,Online,4,51419,19,76
166,2025-05-28,Pro,In-Store,4,94297,79,316
32,2025-05-28,Pro,In-Store,2,70740,79,158
878,2025-05-28,Plus,Phone,3,13980,39,117
842,2025-05-28,Basic,In-Store,3,19882,19,57
898,2025-05-28,Basic,In-Store,4,59549,19,76
868,2025-05-29,Basic,Online,2,21879,19,38
914,2025-05-29,Plus,Online,4,62679,39,156
581,2025-05-29,Plus,Online,3,20096,39,117
950,2025-05-29,Basic,In-Store,1,31185,19,19
866,2025-05-30,Basic,In-Store,2,28127,19,38
478,2025-05-30,Plus,In-Store,3,68392,39,117
129,2025-05-30,Basic,Online,1,89204,19,19
161,2025-05-30,Plus,In-Store,4,77956,39,156
185,2025-05-31,Plus,Online,4,45187,39,156
967,2025-05-31,Plus,In-Store,4,23456,39,156
713,2025-05-31,Basic,Online,4,99418,19,76
158,2025-05-31,Basic,Online,4,73847,19,76
384,2025-05-31,Basic,Online,4,13371,19,76
1184,2025-05-31,Basic,Online,3,37295,19,57
174,2025-05-31,Pro,Online,2,45705,79,158
397,2025-05-31,Pro,Online,2,76951,79,158
410,2025-06-01,Pro,In-Store,1,42218,79,79
264,2025-06-01,Basic,In-Store,4,15173,19,76
446,2025-06-01,Basic,In-Store,3,48661,19,57
662,2025-06-01,Basic,In-Store,3,33851,19,57
283,2025-06-01,Basic,Online,1,19941,19,19
231,2025-06-01,Pro,Online,2,20700,79,158
814,2025-06-01,Basic,In-Store,1,39891,19,19
117,2025-06-01,Plus,Online,4,11331,39,156
421,2025-06-02,Plus,Online,4,50915,39,156
948,2025-06-02,Pro,In-Store,3,98476,79,237
284,2025-06-02,Basic,Online,1,77842,19,19
5,2025-06-02,Basic,In-Store,1,54049,19,19
976,2025-06-02,Basic,Online,3,37230,19,57
1037,2025-06-02,Plus,In-Store,4,88704,39,156
518,2025-06-02,Plus,Online,2,20724,39,78
31,2025-06-02,Plus,In-Store,2,24081,39,78
173,2025-06-03,Basic,Online,2,74169,19,38
1149,2025-06-03,Basic,In-Store,2,43343,19,38
819,2025-06-03,Basic,Online,3,13908,19,57
956,2025-06-03,Basic,In-Store,1,55801,19,19
445,2025-06-03,Plus,Online,3,69951,39,117
120,2025-06-04,Plus,Online,3,91100,39,117
805,2025-06-04,Enterprise,Online,1,70077,199,199
388,2025-06-04,Plus,Online,3,61773,39,117
491,2025-06-04,Basic,Online,1,32688,19,19
214,2025-06-04,Plus,Online,3,19813,39,117
1085,2025-06-04,Basic,Online,4,59095,19,76
327,2025-06-04,Pro,In-Store,1,28102,79,79
882,2025-06-04,Plus,Online,2,63639,39,78
607,2025-06-04,Basic,Online,1,99041,19,19
334,2025-06-05,Plus,Online,4,49316,39,156
1029,2025-06-05,Basic,In-Store,2,57854,19,38
513,2025-06-05,Basic,In-Store,4,95933,19,76
109,2025-06-05,Basic,Online,2,32358,19,38
800,2025-06-05,Basic,In-Store,3,39154,19,57
104,2025-06-05,Pro,Online,3,47719,79,237
489,2025-06-05,Basic,In-Store,3,66183,19,57
1199,2025-06-05,Pro,In-Store,1,45040,79,79
766,2025-06-05,Pro,In-Store,4,43384,79,316
599,2025-06-06,Basic,Online,3,63125,19,57
122,2025-06-06,Pro,Online,2,61876,79,158
330,2025-06-06,Pro,Online,2,54518,79,158
1156,2025-06-06,Basic,Online,3,19992,19,57
1145,2025-06-07,Plus,Online,2,78506,39,78
1188,2025-06-07,Basic,Online,1,49475,19,19
406,2025-06-07,Plus,Online,3,78287,39,117
715,2025-06-07,Plus,Online,1,93712,39,39
450,2025-06-07,Plus,Online,3,52297,39,117
155,2025-06-07,Basic,In-Store,3,38998,19,57
1178,2025-06-08,Basic,Online,2,25842,19,38
99,2025-06-08,Plus,Phone,1,86650,39,39
46,2025-06-08,Pro,In-Store,4,35386,79,316
77,2025-06-09,Basic,In-Store,1,66290,19,19
315,2025-06-09,Basic,Online,2,29483,19,38
904,2025-06-09,Basic,Online,1,23380,19,19
542,2025-06-09,Pro,In-Store,2,84276,79,158
1086,2025-06-09,Plus,In-Store,2,23248,39,78
38,2025-06-09,Plus,In-Store,3,44786,39,117
1136,2025-06-09,Plus,Online,1,86174,39,39
2,2025-06-10,Pro,Online,1,45170,79,79
428,2025-06-10,Basic,Online,1,59530,19,19
344,2025-06-11,Enterprise,In-Store,1,64860,199,199
1052,2025-06-11,Pro,In-Store,4,55043,79,316
876,2025-06-11,Plus,In-Store,3,60168,39,117
730,2025-06-11,Basic,Online,3,77352,19,57
479,2025-06-11,Plus,Online,4,97142,39,156
871,2025-06-11,Basic,In-Store,2,95779,19,38
310,2025-06-11,Basic,Online,4,61868,19,76
58,2025-06-11,Basic,In-Store,2,69373,19,38
456,2025-06-11,Plus,Phone,1,48368,39,39
244,2025-06-11,Basic,Online,1,51033,19,19
448,2025-06-12,Pro,Online,2,70484,79,158
963,2025-06-12,Plus,Online,4,64866,39,156
1044,2025-06-12,Plus,Online,1,95620,39,39
593,2025-06-12,Pro,In-Store,2,70866,79,158
579,2025-06-12,Plus,Online,2,87031,39,78
124,2025-06-12,Basic,In-Store,4,12581,19,76
346,2025-06-12,Basic,In-Store,1,46922,19,19
1065,2025-06-13,Basic,Online,3,61666,19,57
602,2025-06-13,Pro,In-Store,4,62498,79,316
235,2025-06-13,Basic,In-Store,4,67265,19,76
401,2025-06-13,Pro,Online,3,80747,79,237
172,2025-06-13,Pro,Phone,4,47914,79,316
910,2025-06-13,Basic,Online,2,10291,19,38
90,2025-06-13,Enterprise,In-Store,3,65262,199,597
531,2025-06-13,Basic,In-Store,3,16067,19,57
1040,2025-06-13,Basic,In-Store,1,77666,19,19
824,2025-06-13,Plus,In-Store,3,23758,39,117
103,2025-06-13,Plus,Online,1,90854,39,39
1104,2025-06-13,Pro,In-Store,2,33349,79,158
588,2025-06-14,Plus,Online,2,70563,39,78
474,2025-06-15,Plus,Online,4,60851,39,156
851,2025-06-15,Plus,In-Store,2,16434,39,78
909,2025-06-15,Plus,In-Store,4,45049,39,156
404,2025-06-16,Plus,In-Store,3,88995,39,117
697,2025-06-16,Plus,In-Store,4,77243,39,156
488,2025-06-16,Plus,In-Store,4,45121,39,156
107,2025-06-16,Plus,Online,4,79909,39,156
336,2025-06-16,Basic,Online,2,74257,19,38
204,2025-06-16,Plus,Online,1,35719,39,39
1084,2025-06-16,Basic,Online,3,34221,19,57
1015,2025-06-16,Plus,In-Store,2,73070,39,78
454,2025-06-17,Plus,Online,3,37962,39,117
1154,2025-06-17,Pro,Online,3,28527,79,237
503,2025-06-17,Basic,Online,1,47470,19,19
496,2025-06-17,Plus,In-Store,3,43120,39,117
475,2025-06-17,Basic,Online,3,88774,19,57
433,2025-06-17,Plus,In-Store,2,48708,39,78
1180,2025-06-17,Pro,Online,1,53391,79,79
148,2025-06-17,Basic,Online,2,44628,19,38
79,2025-06-17,Pro,In-Store,3,12437,79,237
555,2025-06-17,Basic,In-Store,1,89919,19,19
952,2025-06-17,Plus,In-Store,4,36785,39,156
1143,2025-06-18,Basic,In-Store,4,56028,19,76
142,2025-06-18,Enterprise,Online,1,51140,199,199
720,2025-06-18,Plus,Online,3,34900,39,117
1150,2025-06-18,Plus,Phone,3,33298,39,117
838,2025-06-18,Plus,Phone,1,87691,39,39
126,2025-06-19,Basic,In-Store,2,96381,19,38
562,2025-06-19,Plus,In-Store,2,15854,39,78
306,2025-06-19,Plus,In-Store,1,28286,39,39
954,2025-06-19,Basic,In-Store,1,50328,19,19
351,2025-06-19,Plus,Online,3,57797,39,117
1011,2025-06-19,Plus,In-Store,1,80806,39,39
305,2025-06-20,Plus,Online,1,47702,39,39
1173,2025-06-20,Enterprise,In-Store,4,42618,199,796
908,2025-06-20,Enterprise,Online,3,84864,199,597
751,2025-06-20,Pro,Online,4,51447,79,316
392,2025-06-20,Basic,Online,2,17425,19,38
211,2025-06-20,Enterprise,In-Store,1,10281,199,199
786,2025-06-20,Basic,Online,4,24347,19,76
1036,2025-06-20,Basic,In-Store,1,21140,19,19
655,2025-06-20,Enterprise,Online,3,97035,199,597
497,2025-06-20,Basic,Online,3,35046,19,57
1182,2025-06-20,Basic,In-Store,1,88048,19,19
459,2025-06-21,Plus,In-Store,1,41754,39,39
3,2025-06-21,Basic,Online,2,37662,19,38
990,2025-06-21,Basic,In-Store,2,48181,19,38
216,2025-06-21,Pro,Online,2,15832,79,158
101,2025-06-21,Plus,In-Store,2,19324,39,78
70,2025-06-22,Plus,In-Store,2,53789,39,78
832,2025-06-22,Basic,Online,1,87141,19,19
363,2025-06-22,Basic,Phone,4,42521,19,76
1198,2025-06-22,Enterprise,Online,2,71745,199,398
355,2025-06-23,Plus,In-Store,4,10885,39,156
729,2025-06-24,Pro,In-Store,1,12401,79,79
943,2025-06-24,Basic,In-Store,1,12426,19,19
785,2025-06-24,Enterprise,In-Store,3,14566,199,597
37,2025-06-24,Basic,Online,2,86352,19,38
822,2025-06-24,Plus,In-Store,1,75231,39,39
507,2025-06-25,Basic,In-Store,3,86867,19,57
1022,2025-06-25,Pro,Online,3,22339,79,237
379,2025-06-25,Basic,Online,1,24290,19,19
1070,2025-06-25,Basic,In-Store,1,58394,19,19
782,2025-06-25,Basic,Online,2,90482,19,38
552,2025-06-25,Plus,Online,1,62622,39,39
896,2025-06-25,Pro,Online,4,64727,79,316
89,2025-06-25,Plus,Online,1,89601,39,39
291,2025-06-26,Basic,Online,2,51381,19,38
646,2025-06-26,Pro,In-Store,2,88309,79,158
181,2025-06-26,Pro,Online,3,42407,79,237
940,2025-06-26,Basic,In-Store,3,59155,19,57
628,2025-06-27,Basic,In-Store,1,94792,19,19
464,2025-06-27,Pro,In-Store,1,32164,79,79
858,2025-06-27,Plus,In-Store,4,97923,39,156
25,2025-06-27,Pro,Online,4,50065,79,316
835,2025-06-27,Plus,Online,2,68513,39,78
590,2025-06-27,Enterprise,Phone,1,16465,199,199
73,2025-06-27,Basic,Online,3,27417,19,57
308,2025-06-27,Pro,Phone,2,87524,79,158
195,2025-06-27,Basic,Online,2,36251,19,38
610,2025-06-27,Enterprise,Online,2,38184,199,398
686,2025-06-27,Pro,Online,1,31065,79,79
565,2025-06-28,Basic,Online,4,29608,19,76
250,2025-06-28,Basic,In-Store,2,53736,19,38
97,2025-06-28,Enterprise,Online,3,99946,199,597
1196,2025-06-28,Pro,In-Store,3,40631,79,237
556,2025-06-28,Plus,In-Store,2,51328,39,78
358,2025-06-29,Enterprise,Online,1,83757,199,199
205,2025-06-29,Pro,Online,3,82299,79,237
1028,2025-06-29,Basic,Online,1,56078,19,19
848,2025-06-29,Enterprise,Online,4,33890,199,796
862,2025-06-29,Plus,In-Store,1,88858,39,39
689,2025-06-29,Pro,Online,1,81384,79,79
317,2025-06-29,Pro,Online,4,13367,79,316
535,2025-06-29,Enterprise,Online,4,37356,199,796
533,2025-06-30,Plus,Phone,3,56852,39,117
755,2025-06-30,Basic,Phone,3,95002,19,57
788,2025-06-30,Basic,Online,2,61248,19,38
349,2025-06-30,Plus,In-Store,4,95830,39,156
847,2025-06-30,Basic,In-Store,1,30931,19,19
891,2025-07-01,Basic,In-Store,2,58201,19,38
92,2025-07-01,Basic,In-Store,1,33973,19,19
233,2025-07-01,Basic,In-Store,2,91466,19,38
365,2025-07-01,Basic,In-Store,1,45393,19,19
282,2025-07-01,Plus,Online,1,50775,39,39
918,2025-07-01,Pro,Online,3,91131,79,237
701,2025-07-02,Basic,Online,4,67335,19,76
578,2025-07-02,Pro,In-Store,2,63349,79,158
329,2025-07-02,Pro,Online,4,10178,79,316
301,2025-07-02,Basic,Online,3,95533,19,57
575,2025-07-02,Pro,In-Store,2,94440,79,158
924,2025-07-03,Plus,Online,2,24437,39,78
163,2025-07-03,Basic,In-Store,1,27178,19,19
192,2025-07-03,Basic,In-Store,4,58822,19,76
441,2025-07-03,Basic,Online,2,75750,19,38
671,2025-07-03,Plus,In-Store,2,72408,39,78
516,2025-07-03,Pro,Online,2,59593,79,158
1090,2025-07-03,Pro,Online,4,34140,79,316
939,2025-07-03,Plus,Online,1,57573,39,39
341,2025-07-03,Plus,In-Store,2,57566,39,78
539,2025-07-03,Pro,In-Store,3,65123,79,237
894,2025-07-03,Basic,In-Store,1,51328,19,19
666,2025-07-03,Basic,Online,1,24660,19,19
232,2025-07-03,Plus,In-Store,2,16384,39,78
953,2025-07-04,Plus,Online,1,38023,39,39
606,2025-07-04,Enterprise,In-Store,1,66167,199,199
570,2025-07-04,Plus,Online,2,18486,39,78
794,2025-07-04,Plus,Online,1,57861,39,39
640,2025-07-04,Pro,Online,1,60520,79,79
608,2025-07-04,Basic,Phone,2,56194,19,38
776,2025-07-04,Enterprise,Online,3,40950,199,597
780,2025-07-04,Pro,Online,1,55941,79,79
1131,2025-07-05,Plus,In-Store,3,39304,39,117
222,2025-07-05,Basic,Online,3,95258,19,57
354,2025-07-05,Basic,Online,1,91779,19,19
879,2025-07-05,Enterprise,Online,3,11523,199,597
409,2025-07-05,Basic,Online,2,54616,19,38
1179,2025-07-05,Basic,In-Store,2,20064,19,38
524,2025-07-05,Plus,In-Store,2,68910,39,78
187,2025-07-05,Pro,In-Store,3,99978,79,237
763,2025-07-05,Pro,Online,3,31188,79,237
853,2025-07-05,Basic,In-Store,2,83834,19,38
1088,2025-07-06,Plus,Online,1,16380,39,39
1010,2025-07-06,Basic,In-Store,2,55067,19,38
1078,2025-07-06,Plus,In-Store,1,69091,39,39
281,2025-07-06,Pro,In-Store,2,34745,79,158
629,2025-07-06,Enterprise,In-Store,2,15541,199,398
1158,2025-07-06,Basic,In-Store,3,31514,19,57
1024,2025-07-06,Plus,Online,1,75183,39,39
844,2025-07-06,Basic,In-Store,3,29826,19,57
1189,2025-07-06,Basic,In-Store,2,63886,19,38
674,2025-07-06,Plus,In-Store,3,27741,39,117
440,2025-07-06,Basic,In-Store,4,26494,19,76
1081,2025-07-06,Pro,In-Store,4,53940,79,316
1068,2025-07-06,Basic,In-Store,2,46414,19,38
6,2025-07-07,Basic,In-Store,3,79004,19,57
558,2025-07-07,Pro,Online,2,12904,79,158
517,2025-07-07,Basic,Online,3,60678,19,57
977,2025-07-07,Plus,In-Store,4,73618,39,156
598,2025-07-07,Enterprise,Online,3,57652,199,597
725,2025-07-08,Plus,Phone,1,91423,39,39
795,2025-07-09,Plus,In-Store,2,58301,39,78
936,2025-07-09,Enterprise,In-Store,4,69861,199,796
303,2025-07-09,Enterprise,In-Store,2,45926,199,398
736,2025-07-10,Plus,Online,3,34965,39,117
451,2025-07-10,Basic,In-Store,3,73100,19,57
36,2025-07-10,Plus,In-Store,4,83211,39,156
1132,2025-07-10,Enterprise,In-Store,2,62159,199,398
637,2025-07-10,Pro,In-Store,1,48257,79,79
246,2025-07-10,Plus,In-Store,2,38019,39,78
595,2025-07-10,Basic,In-Store,2,13650,19,38
761,2025-07-10,Basic,Online,1,79926,19,19
223,2025-07-10,Pro,Online,4,58758,79,316
1077,2025-07-10,Plus,In-Store,1,45621,39,39
881,2025-07-10,Basic,In-Store,1,82490,19,19
777,2025-07-10,Plus,In-Store,4,48232,39,156
1181,2025-07-10,Plus,Online,3,83484,39,117
430,2025-07-11,Plus,In-Store,3,18558,39,117
436,2025-07-11,Enterprise,Phone,4,24053,199,796
586,2025-07-11,Pro,Phone,3,11426,79,237
849,2025-07-11,Pro,In-Store,3,93853,79,237
18,2025-07-11,Basic,Online,3,97080,19,57
931,2025-07-12,Plus,In-Store,1,38240,39,39
820,2025-07-12,Plus,In-Store,4,53896,39,156
364,2025-07-12,Basic,Online,3,73894,19,57
823,2025-07-12,Pro,In-Store,1,97567,79,79
460,2025-07-12,Pro,In-Store,3,40815,79,237
414,2025-07-12,Basic,Online,4,36286,19,76
197,2025-07-12,Plus,In-Store,2,35966,39,78
1087,2025-07-12,Pro,Online,4,61263,79,316
816,2025-07-12,Plus,Online,4,39356,39,156
1023,2025-07-12,Pro,In-Store,1,89192,79,79
900,2025-07-13,Plus,Online,2,66126,39,78
55,2025-07-13,Plus,Online,2,94908,39,78
304,2025-07-13,Pro,Online,3,27019,79,237
1009,2025-07-13,Plus,Online,3,88463,39,117
35,2025-07-13,Pro,Online,1,15752,79,79
1071,2025-07-13,Plus,In-Store,4,28139,39,156
234,2025-07-13,Plus,Phone,4,49754,39,156
571,2025-07-14,Basic,In-Store,4,33589,19,76
114,2025-07-14,Pro,Online,2,62084,79,158
21,2025-07-14,Basic,Online,4,63299,19,76
325,2025-07-14,Plus,In-Store,3,44035,39,117
240,2025-07-14,Plus,Online,3,27626,39,117
369,2025-07-14,Basic,In-Store,1,86070,19,19
356,2025-07-14,Basic,Phone,1,94677,19,19
402,2025-07-14,Pro,In-Store,4,52026,79,316
1142,2025-07-15,Plus,Online,4,90115,39,156
1030,2025-07-15,Basic,Online,4,36500,19,76
825,2025-07-15,Plus,Online,4,24332,39,156
1107,2025-07-15,Pro,In-Store,1,48038,79,79
906,2025-07-15,Basic,In-Store,2,11126,19,38
16,2025-07-15,Pro,Phone,2,51633,79,158
648,2025-07-16,Plus,Online,1,32731,39,39
135,2025-07-16,Basic,Online,3,42763,19,57
903,2025-07-16,Basic,Online,3,80680,19,57
458,2025-07-16,Basic,Online,3,53280,19,57
930,2025-07-16,Basic,Online,4,50985,19,76
753,2025-07-16,Basic,Online,1,94864,19,19
560,2025-07-16,Plus,In-Store,2,64438,39,78
727,2025-07-16,Pro,Online,3,22671,79,237
57,2025-07-16,Plus,Online,3,55382,39,117
1139,2025-07-16,Basic,Online,1,63273,19,19
1006,2025-07-16,Basic,Online,4,76026,19,76
1013,2025-07-16,Plus,In-Store,1,17546,39,39
1172,2025-07-17,Pro,Online,1,72040,79,79
78,2025-07-17,Plus,In-Store,4,96656,39,156
1004,2025-07-17,Basic,In-Store,4,68177,19,76
498,2025-07-17,Plus,In-Store,4,59007,39,156
540,2025-07-17,Plus,Online,3,49387,39,117
632,2025-07-17,Basic,Online,3,12164,19,57
951,2025-07-17,Pro,Online,4,74327,79,316
285,2025-07-17,Basic,In-Store,4,66016,19,76
439,2025-07-17,Enterprise,Online,1,18138,199,199
778,2025-07-17,Pro,Online,1,32409,79,79
799,2025-07-18,Basic,In-Store,2,48611,19,38
781,2025-07-18,Plus,In-Store,1,60284,39,39
834,2025-07-18,Pro,Online,4,31014,79,316
893,2025-07-18,Plus,In-Store,4,84292,39,156
7,2025-07-18,Basic,In-Store,2,88980,19,38
709,2025-07-19,Pro,In-Store,4,40927,79,316
596,2025-07-19,Plus,In-Store,4,82384,39,156
359,2025-07-19,Plus,Online,2,18711,39,78
423,2025-07-19,Plus,In-Store,2,44167,39,78
620,2025-07-19,Basic,Online,2,89945,19,38
803,2025-07-19,Pro,In-Store,4,50650,79,316
326,2025-07-19,Basic,In-Store,1,33727,19,19
493,2025-07-19,Pro,In-Store,1,31731,79,79
537,2025-07-19,Basic,In-Store,2,88117,19,38
239,2025-07-20,Basic,In-Store,1,83089,19,19
237,2025-07-20,Plus,In-Store,2,12903,39,78
1123,2025-07-20,Pro,Online,3,90863,79,237
43,2025-07-20,Plus,In-Store,1,13746,39,39
934,2025-07-20,Plus,Online,1,38923,39,39
673,2025-07-20,Plus,Online,1,89509,39,39
784,2025-07-20,Plus,Online,4,95888,39,156
88,2025-07-20,Plus,In-Store,4,16874,39,156
152,2025-07-20,Plus,In-Store,3,64061,39,117
151,2025-07-20,Plus,In-Store,1,55595,39,39
529,2025-07-20,Pro,Online,1,12777,79,79
667,2025-07-21,Pro,Online,2,73203,79,158
511,2025-07-21,Basic,In-Store,2,13752,19,38
981,2025-07-21,Enterprise,Online,4,45580,199,796
418,2025-07-21,Plus,In-Store,4,42510,39,156
721,2025-07-21,Pro,In-Store,1,81034,79,79
773,2025-07-21,Basic,Online,2,38395,19,38
1171,2025-07-21,Basic,Online,3,60359,19,57
543,2025-07-21,Plus,Online,4,98794,39,156
561,2025-07-21,Pro,Online,1,71708,79,79
945,2025-07-22,Plus,In-Store,4,10533,39,156
45,2025-07-22,Plus,Online,1,66761,39,39
714,2025-07-22,Plus,Online,1,17218,39,39
1059,2025-07-22,Plus,In-Store,2,47194,39,78
399,2025-07-22,Enterprise,In-Store,3,55064,199,597
946,2025-07-22,Basic,Online,3,61460,19,57
217,2025-07-23,Plus,In-Store,1,67958,39,39
994,2025-07-23,Basic,Online,2,11523,19,38
263,2025-07-23,Pro,In-Store,4,60515,79,316
434,2025-07-23,Basic,In-Store,4,32971,19,76
243,2025-07-23,Plus,Phone,3,75816,39,117
100,2025-07-24,Basic,In-Store,3,80440,19,57
466,2025-07-24,Plus,In-Store,2,29848,39,78
549,2025-07-24,Basic,Online,3,29687,19,57
1113,2025-07-24,Pro,In-Store,1,51186,79,79
738,2025-07-25,Plus,In-Store,4,19139,39,156
210,2025-07-25,Enterprise,In-Store,2,56563,199,398
366,2025-07-25,Plus,In-Store,1,25704,39,39
146,2025-07-25,Basic,In-Store,4,46966,19,76
184,2025-07-25,Enterprise,In-Store,4,20464,199,796
519,2025-07-25,Enterprise,Online,4,53613,199,796
605,2025-07-25,Pro,In-Store,1,69601,79,79
12,2025-07-25,Plus,Online,1,25235,39,39
774,2025-07-26,Basic,Online,4,23904,19,76
71,2025-07-26,Plus,Online,4,14800,39,156
288,2025-07-26,Basic,In-Store,2,93371,19,38
84,2025-07-26,Pro,Online,4,67260,79,316
925,2025-07-26,Enterprise,Online,4,61072,199,796
485,2025-07-26,Basic,Online,3,94003,19,57
442,2025-07-26,Basic,In-Store,4,23650,19,76
888,2025-07-26,Pro,Online,4,52286,79,316
986,2025-07-27,Basic,Online,4,76142,19,76
170,2025-07-27,Plus,Online,2,82497,39,78
1051,2025-07-27,Pro,In-Store,2,97075,79,158
548,2025-07-27,Plus,Online,1,73910,39,39
1164,2025-07-27,Plus,Online,1,32633,39,39
583,2025-07-27,Plus,In-Store,2,10971,39,78
694,2025-07-27,Enterprise,In-Store,4,90555,199,796
468,2025-07-28,Basic,Online,1,40982,19,19
980,2025-07-28,Enterprise,In-Store,3,34057,199,597
1148,2025-07-28,Pro,Online,4,61209,79,316
1045,2025-07-28,Basic,Online,2,81131,19,38
367,2025-07-28,Plus,Online,2,77216,39,78
4,2025-07-29,Basic,In-Store,4,37302,19,76
481,2025-07-29,Enterprise,In-Store,4,96779,199,796
279,2025-07-29,Basic,In-Store,1,79474,19,19
1187,2025-07-29,Basic,In-Store,3,27758,19,57
941,2025-07-29,Basic,In-Store,2,27215,19,38
357,2025-07-29,Plus,Online,4,34076,39,156
280,2025-07-29,Enterprise,In-Store,2,39831,199,398
580,2025-07-29,Basic,Online,3,39692,19,57
417,2025-07-30,Plus,In-Store,2,73318,39,78
525,2025-07-30,Pro,Online,2,75078,79,158
1095,2025-07-30,Basic,Online,3,34949,19,57
156,2025-07-30,Basic,In-Store,1,47037,19,19
219,2025-07-30,Plus,Online,4,71356,39,156
534,2025-07-31,Plus,Online,4,24828,39,156
255,2025-07-31,Enterprise,Online,2,58272,199,398
199,2025-07-31,Pro,In-Store,4,21224,79,316
331,2025-07-31,Basic,In-Store,3,43088,19,57
224,2025-07-31,Plus,In-Store,2,40206,39,78
760,2025-08-01,Basic,In-Store,4,43549,19,76
370,2025-08-01,Plus,Phone,1,32260,39,39
647,2025-08-01,Plus,In-Store,2,29476,39,78
696,2025-08-01,Enterprise,In-Store,4,55028,199,796
873,2025-08-01,Basic,In-Store,3,41020,19,57
362,2025-08-01,Plus,In-Store,3,89547,39,117
457,2025-08-01,Plus,In-Store,2,26975,39,78
771,2025-08-01,Pro,In-Store,1,30325,79,79
670,2025-08-01,Plus,In-Store,4,72948,39,156
324,2025-08-01,Basic,In-Store,1,65256,19,19
13,2025-08-01,Pro,In-Store,2,38383,79,158
1174,2025-08-01,Plus,In-Store,1,29953,39,39
361,2025-08-02,Plus,Online,3,38921,39,117
56,2025-08-02,Pro,Online,3,44558,79,237
311,2025-08-02,Plus,In-Store,1,95769,39,39
634,2025-08-02,Pro,In-Store,1,10878,79,79
650,2025-08-02,Basic,Online,2,59857,19,38
798,2025-08-02,Pro,In-Store,3,42766,79,237
1146,2025-08-03,Plus,In-Store,2,39632,39,78
919,2025-08-03,Basic,In-Store,1,58707,19,19
292,2025-08-03,Pro,In-Store,4,42920,79,316
1082,2025-08-03,Pro,In-Store,2,69836,79,158
665,2025-08-03,Enterprise,In-Store,2,38545,199,398
641,2025-08-03,Basic,Online,4,77333,19,76
973,2025-08-03,Pro,In-Store,2,34593,79,158
895,2025-08-04,Plus,In-Store,4,44027,39,156
861,2025-08-04,Basic,In-Store,3,89921,19,57
870,2025-08-04,Plus,In-Store,3,39510,39,117
164,2025-08-04,Basic,In-Store,2,40706,19,38
228,2025-08-05,Basic,In-Store,3,69536,19,57
1175,2025-08-05,Plus,In-Store,1,32901,39,39
398,2025-08-05,Basic,In-Store,4,46222,19,76
989,2025-08-05,Basic,In-Store,3,96802,19,57
804,2025-08-05,Pro,Online,1,31069,79,79
569,2025-08-06,Plus,Phone,1,27061,39,39
717,2025-08-06,Plus,In-Store,3,94266,39,117
1111,2025-08-06,Plus,Online,1,69424,39,39
87,2025-08-06,Pro,In-Store,4,20682,79,316
691,2025-08-06,Plus,In-Store,3,68282,39,117
594,2025-08-06,Plus,In-Store,2,17825,39,78
748,2025-08-06,Plus,In-Store,3,29178,39,117
480,2025-08-07,Enterprise,Online,4,84381,199,796
262,2025-08-07,Plus,Online,1,10651,39,39
287,2025-08-07,Basic,Phone,2,93837,19,38
735,2025-08-07,Plus,Online,1,59588,39,39
1159,2025-08-07,Enterprise,Phone,4,82972,199,796
1,2025-08-07,Pro,Online,3,89351,79,237
381,2025-08-07,Basic,In-Store,1,38667,19,19
154,2025-08-07,Basic,Online,2,56102,19,38
978,2025-08-07,Plus,In-Store,1,64085,39,39
663,2025-08-08,Basic,Online,2,67298,19,38
865,2025-08-08,Enterprise,In-Store,2,75063,199,398
1162,2025-08-08,Basic,In-Store,2,70530,19,38
247,2025-08-08,Plus,In-Store,1,36517,39,39
1186,2025-08-08,Basic,In-Store,4,57447,19,76
277,2025-08-08,Pro,Online,2,72361,79,158
300,2025-08-08,Basic,In-Store,3,47433,19,57
826,2025-08-08,Enterprise,In-Store,3,23327,199,597
139,2025-08-08,Plus,Online,1,97787,39,39
270,2025-08-08,Basic,In-Store,3,47081,19,57
1121,2025-08-09,Basic,Phone,2,64241,19,38
416,2025-08-09,Basic,Online,4,41956,19,76
852,2025-08-09,Basic,Phone,4,85114,19,76
127,2025-08-09,Pro,In-Store,3,70126,79,237
863,2025-08-09,Basic,In-Store,4,32040,19,76
157,2025-08-09,Basic,Online,3,56023,19,57
340,2025-08-10,Plus,In-Store,4,25198,39,156
747,2025-08-10,Basic,Online,3,83981,19,57
83,2025-08-10,Plus,In-Store,3,35510,39,117
937,2025-08-10,Plus,Online,1,21031,39,39
1056,2025-08-10,Basic,In-Store,3,14148,19,57
1114,2025-08-10,Plus,In-Store,2,26258,39,78
812,2025-08-10,Plus,In-Store,3,93647,39,117
1067,2025-08-11,Basic,In-Store,4,44415,19,76
312,2025-08-11,Pro,In-Store,1,48004,79,79
183,2025-08-11,Basic,Online,2,36702,19,38
383,2025-08-11,Enterprise,In-Store,1,80385,199,199
625,2025-08-11,Plus,Online,2,51614,39,78
241,2025-08-11,Basic,In-Store,1,84580,19,19
801,2025-08-11,Plus,Online,3,55412,39,117
171,2025-08-11,Pro,Online,1,77271,79,79
53,2025-08-11,Pro,Online,1,49777,79,79
752,2025-08-11,Plus,Online,4,61582,39,156
69,2025-08-11,Basic,Online,4,24280,19,76
138,2025-08-11,Pro,In-Store,3,49641,79,237
202,2025-08-11,Basic,In-Store,1,40990,19,19
787,2025-08-12,Plus,Online,4,83525,39,156
274,2025-08-13,Enterprise,In-Store,3,72515,199,597
177,2025-08-13,Plus,Online,1,22853,39,39
746,2025-08-13,Plus,In-Store,3,57790,39,117
1155,2025-08-13,Basic,Online,3,77642,19,57
118,2025-08-13,Plus,Online,4,70071,39,156
767,2025-08-14,Basic,Online,3,62993,19,57
707,2025-08-14,Basic,Online,3,31369,19,57
656,2025-08-14,Basic,In-Store,1,46301,19,19
265,2025-08-14,Basic,Online,3,78317,19,57
779,2025-08-14,Enterprise,In-Store,2,74448,199,398
40,2025-08-15,Pro,Online,3,34389,79,237
1176,2025-08-15,Pro,Online,2,60126,79,158
642,2025-08-15,Basic,In-Store,2,69740,19,38
1001,2025-08-15,Pro,Online,1,82985,79,79
65,2025-08-15,Plus,Online,4,77894,39,156
487,2025-08-15,Basic,Online,2,92198,19,38
27,2025-08-15,Pro,Online,2,56098,79,158
733,2025-08-16,Basic,Online,1,53455,19,19
225,2025-08-16,Plus,Online,2,23810,39,78
692,2025-08-16,Plus,In-Store,2,73593,39,78
34,2025-08-16,Basic,Online,2,82898,19,38
968,2025-08-16,Pro,Online,3,89407,79,237
592,2025-08-16,Plus,Online,3,27730,39,117
